2023-05-12,photo,AgACAgUAAx0EW5R6gAACgFZkXdeprBK24SHFT7Npg9v20a33QgAC67cxG-9c8VZ5Jv54epkcdAEAAwIAA3MAAy8E
2023-05-12,photo,AgACAgUAAx0EW5R6gAACgFdkXdes_bPodEApbW_rUWoP9YEMlwAC7LcxG-9c8Vb7ZpUhiT_AqwEAAwIAA3MAAy8E
2023-05-12,video,BAACAgUAAx0EWJ5S2wAClTFkXdeyQIOtDzfvcNy0bzrvTw0YMQACDQkAAiCG8VYe8yjnlcPaAi8E
2023-05-12,photo,AgACAgUAAx0EW5R6gAACgFhkXdlNxTVAlQ39NWmeyhcX_HCGygAC7rcxG-9c8VYHgzveVpGjMAEAAwIAA3MAAy8E
2023-05-12,photo,AgACAgUAAx0EW5R6gAACgFlkXdlS-_MAAfT54GHeZqgPzDNOTL4AAu-3MRvvXPFWeqqaJRrh0zcBAAMCAANzAAMvBA
2023-05-12,photo,AgACAgUAAx0EW5R6gAACgFpkXdlX9uKwp98Ewf7M5LFAotFVogAC8LcxG-9c8VYtVqNIG_dNRgEAAwIAA3MAAy8E
2023-05-12,photo,AgACAgUAAx0EW5R6gAACgFtkXdlaHa2J_bhMyBm1OSMn-pK_9wACdLUxG5Xu6Vap3ualu4yGuwEAAwIAA3MAAy8E
2023-05-12,video,BAACAgUAAx0EWJ5S2wAClTRkXdllr5G3ybIczu1toyd-WuE-SAACEQkAAiCG8Vbx6eTilyVjuS8E
2023-05-12,photo,AgACAgUAAx0EW5R6gAACgFxkXdn5SdWerGx0LoTjWdAmmckzKAAC87cxG-9c8VbW1TFG6VoX3AEAAwIAA3MAAy8E
2023-05-12,photo,AgACAgUAAx0EW5R6gAACgF1kXdn7YoOJaKULMK2WjMTnoFJrDwAC9LcxG-9c8VbQJEB7x_lzjAEAAwIAA3MAAy8E
2023-05-12,video,BAACAgUAAx0EWJ5S2wAClTlkXdoEpad72J-WwkH5bMRnUfA7RwACEwkAAiCG8Va5Pi2le7i4ci8E
2023-05-12,photo,AgACAgUAAx0EW5R6gAACgF5kXdvpdluFOuQfu27oQdlsnQc5LAAC9rcxG-9c8VZoLClnfaziPgEAAwIAA3MAAy8E
2023-05-12,photo,AgACAgUAAx0EW5R6gAACgF9kXdvuMSoQWxrxdEZlHGg2kmzoqQAC97cxG-9c8VZbWZNmYVegDQEAAwIAA3MAAy8E
2023-05-12,photo,AgACAgUAAx0EW5R6gAACgGBkXdv0BGL25LkxAAE2sel95eGRTA0AAvi3MRvvXPFWGovNO16IIYsBAAMCAANzAAMvBA
2023-05-12,photo,AgACAgUAAx0EW5R6gAACgGFkXdv5bsfE9bg-Kg1W-0DtE6u6KgAC-bcxG-9c8VYONwH1sTvIhgEAAwIAA3MAAy8E
2023-05-12,video,BAACAgUAAx0EWJ5S2wAClTxkXdv7wI-rzu68zpM0VlhKd16C-gACGQkAAiCG8Va0CXxMyhtYBy8E
2023-05-12,photo,AgACAgUAAx0EW5R6gAACgGJkXd2VeLLzfFdVEwhuLr6qfaengAAC-7cxG-9c8VarRacUpbxyDQEAAwIAA3MAAy8E
2023-05-12,photo,AgACAgUAAx0EW5R6gAACgGNkXd2YR7JMpB7dR6UD_AfSDw5vFgAC_LcxG-9c8VYICagkEr_XpQEAAwIAA3MAAy8E
2023-05-12,video,BAACAgUAAx0EWJ5S2wAClUFkXd2d5uVR1Be0DMyV4AmY2aNnxgACHwkAAiCG8VYflKBsUXBnEC8E
2023-05-12,video,BAACAgUAAx0EWJ5S2wAClUJkXd2iChL_XhIKGkktaBt2N1fbOQACIAkAAiCG8VaZWukx-iZnFy8E
2023-05-12,photo,AgACAgUAAx0EW5R6gAACgGRkXd5e2fq_46ug8bxVRD2HDdhG6AAC_rcxG-9c8VYyfIbITj_9GAEAAwIAA3MAAy8E
2023-05-12,video,BAACAgUAAx0EWJ5S2wAClUVkXd5h23t9_ZH2HGlpnYYkokqTpAACIgkAAiCG8VZ9KYRo2KzM1C8E
2023-05-12,video,BAACAgUAAx0EWJ5S2wAClUZkXd5oi37Yxui_rx7WXxNjVNExwwACIwkAAiCG8Vb0veX6eKgeki8E
2023-05-12,photo,AgACAgUAAx0EW5R6gAACgGVkXeAZ6uJrMaHowlulZiwU5mYq2QACAbgxG-9c8VYv71Js9lobQAEAAwIAA3MAAy8E
2023-05-12,photo,AgACAgUAAx0EW5R6gAACgGZkXeAbYYPoJttSVHKG8iMF_kQH2gACArgxG-9c8VarhwIFgXlOfAEAAwIAA3MAAy8E
2023-05-12,photo,AgACAgUAAx0EW5R6gAACgGdkXeAe4uiiw_CQqm6JNNz7YKLiFQACA7gxG-9c8VY7qwmPEMbAGQEAAwIAA3MAAy8E
2023-05-12,video,BAACAgUAAx0EWJ5S2wAClUhkXeAkWbY7pEb5MToyu3OlJZYvBwACKAkAAiCG8VaRDIy6NYcqai8E
2023-05-12,photo,AgACAgUAAx0EW5R6gAACgGhkXeGG1umcLb1v51tDOyeHBiw6zwACBrgxG-9c8VYFmVjqmFJE_QEAAwIAA3MAAy8E
2023-05-12,photo,AgACAgUAAx0EW5R6gAACgGlkXeGJ6CmJ3SOxk4FFFV2WlcJ0UwACB7gxG-9c8Va2pF5JJMgHOwEAAwIAA3MAAy8E
2023-05-12,video,BAACAgUAAx0EWJ5S2wAClUxkXeGMPwLGe_GC2Xu6CsM1CQgUbwACKgkAAiCG8VZ-B7F1pH_UMS8E
2023-05-12,video,BAACAgUAAx0EWJ5S2wAClU1kXeGSqK1EmJ_2IL5jY8hk4_sV3gACKwkAAiCG8VaYPVNuIO4rSi8E
2023-05-12,photo,AgACAgUAAx0EW5R6gAACgGpkXeI7D201ynLGPEDPaO0l7O9iVAACCLgxG-9c8VYKO7wEVucM3gEAAwIAA3MAAy8E
2023-05-12,photo,AgACAgUAAx0EW5R6gAACgGtkXeI-XoUGVRso6n4Twn2XiNCK4QACCbgxG-9c8VaLBNpTf1fFJwEAAwIAA3MAAy8E
2023-05-12,photo,AgACAgUAAx0EW5R6gAACgGxkXeJBQ8e4tsxWHtkQyPk7NitB9QACCrgxG-9c8VYGYbwiQOc_1AEAAwIAA3MAAy8E
2023-05-12,photo,AgACAgUAAx0EW5R6gAACgG1kXeJG8oe0nCIr6flJ0LSAzkTpyQACC7gxG-9c8VbCWyPqnICz0QEAAwIAA3MAAy8E
2023-05-12,video,BAACAgUAAx0EWJ5S2wAClVBkXeJNCh9poJ_sigqR_boD87ymjAACLQkAAiCG8VajzFcgK6fXWy8E
2023-05-12,video,BAACAgUAAx0EWJ5S2wAClVFkXeJRBqKGlnf-NIyo0hVPayM7cAACLgkAAiCG8VauYcZsLSKBRC8E
2023-05-12,photo,AgACAgUAAx0EW5R6gAACgG5kXeOAY1S4A4CZM75uoZpaHH4-BAACELgxG-9c8VYC_hslFGmBqQEAAwIAA3MAAy8E
2023-05-12,photo,AgACAgUAAx0EW5R6gAACgG9kXeOC3mPTaR9avmHPffEpAaLS6wACEbgxG-9c8Vbkh9QTj83g1QEAAwIAA3MAAy8E
2023-05-12,video,BAACAgUAAx0EWJ5S2wAClVZkXeOHc9gusgEZIC9GXtH_VUn6aAACMAkAAiCG8VZE2psDOkFKSi8E
2023-05-12,photo,AgACAgUAAx0EW5R6gAACgHBkXeQvoAN9cK7dSl2eoPXE2xnFiAACE7gxG-9c8VaWTEMLuoUvcAEAAwIAA3MAAy8E
2023-05-12,photo,AgACAgUAAx0EW5R6gAACgHFkXeQz7E7uewcEsfAXlyhrjUFhowACFLgxG-9c8VYK5o8VM8KxEAEAAwIAA3MAAy8E
2023-05-12,photo,AgACAgUAAx0EW5R6gAACgHJkXeQ41iU277rsjiJNuRjZzWawpQACFbgxG-9c8VZQJmyYvUQr6wEAAwIAA3MAAy8E
2023-05-12,video,BAACAgUAAx0EWJ5S2wAClVlkXeQ_spBlZqHAoJSk9es01Ni7mAACMgkAAiCG8VY7DLU-7iaJci8E
2023-05-12,photo,AgACAgUAAx0EW5R6gAACgHNkXeWWk1PxxbuxQMt1LTzGOiuhxAACGbgxG-9c8VYWkwO-OQintQEAAwIAA3MAAy8E
2023-05-12,photo,AgACAgUAAx0EW5R6gAACgHRkXeWZGGcyW1nn6u6osnAKnDpbXgACGrgxG-9c8VYgvjMdQ_lIjgEAAwIAA3MAAy8E
2023-05-12,photo,AgACAgUAAx0EW5R6gAACgHVkXeWbNva2PDGBpm5jFsUTmzlo6AACG7gxG-9c8VYDRsJBVeaF8AEAAwIAA3MAAy8E
2023-05-12,video,BAACAgUAAx0EWJ5S2wAClV1kXeWg_f8iknSuorUGRs2vWFp3SwACNgkAAiCG8VYEDQLDo5Jo0y8E
2023-05-12,video,BAACAgUAAx0EWJ5S2wAClV5kXeWoD2gy82qD3MyG3BIYDsoLtAACNwkAAiCG8VaXGgUiNOpvwy8E
2023-05-12,photo,AgACAgUAAx0EW5R6gAACgHZkXeeYy_p3i2HWzuGCLomjcIPm-AACIrgxG-9c8VbHci0ThQEbvQEAAwIAA3MAAy8E
2023-05-12,video,BAACAgUAAx0EWJ5S2wAClWJkXeeiPpvqB-6Lko36mj9N2aJtogACOAkAAiCG8VZMRUD0NvYwXi8E
2023-05-12,video,BAACAgUAAx0EWJ5S2wAClWNkXeeokKOC1BnsL0PHQAvnRxCpPgACOQkAAiCG8VYJVuEgQa2ToS8E
2023-05-12,video,BAACAgUAAx0EWJ5S2wAClWRkXeetbQ7OGFu3x6xs7fOWAgLt0AACOgkAAiCG8VZ6LNot0GLRzC8E
2023-05-12,photo,AgACAgUAAx0EW5R6gAACgHdkXemuUzMN9mwruA3ansrGLWb-YQACJLgxG-9c8Va250SrCq_JugEAAwIAA3MAAy8E
2023-05-12,photo,AgACAgUAAx0EW5R6gAACgHhkXemxjd8KEM1_Cx4O2YM04laFOwACJbgxG-9c8VbeExD8FItGpAEAAwIAA3MAAy8E
2023-05-12,photo,AgACAgUAAx0EW5R6gAACgHlkXemzgNeqCpx7oHdPddtxp1AeVAACJrgxG-9c8Va8n-3gmGWYyAEAAwIAA3MAAy8E
2023-05-12,video,BAACAgUAAx0EWJ5S2wAClWZkXem6UyZt-wE0CtB0C7t9ynPYiQACQAkAAiCG8Va-VJ9_xuvcSS8E
2023-05-12,photo,AgACAgUAAx0EW5R6gAACgHpkXetVRo4dQX7a83Du5qHQ8rv11gACMLgxG-9c8Va6PBfXGdAWXgEAAwIAA3MAAy8E
2023-05-12,photo,AgACAgUAAx0EW5R6gAACgHtkXetcaHwbmdX3MCGocZ1PFXdfawACMbgxG-9c8VY4z_vEJBbslwEAAwIAA3MAAy8E
2023-05-12,photo,AgACAgUAAx0EW5R6gAACgHxkXetfLVI5jVLtzZBMs1VFnoNNwwACMrgxG-9c8VYK3fEdv8fTTAEAAwIAA3MAAy8E
2023-05-12,video,BAACAgUAAx0EWJ5S2wAClWpkXetuz_Ew_PdTxa1EcsjLBTkJnAACQQkAAiCG8VbymihJlAtJAy8E
2023-05-12,video,BAACAgUAAx0EWJ5S2wAClWtkXet02QAB8W-FwPllWw7FCzgfNkoAAkIJAAIghvFWZ9tDCZcwNRIvBA
2023-05-12,photo,AgACAgUAAx0EW5R6gAACgH1kXey30iC8cR6TeZDKTHzl0_yDfQACObgxG-9c8VYcGoBFUce6HgEAAwIAA3MAAy8E
2023-05-12,photo,AgACAgUAAx0EW5R6gAACgH5kXey81qQRzXmCkIgitm7W1gQS-wACOrgxG-9c8VZxNyX_YUgBhwEAAwIAA3MAAy8E
2023-05-12,video,BAACAgUAAx0EWJ5S2wAClW9kXezGHT5YiuLhYKtGR-Vo42mCiQACRAkAAiCG8VaCjsFW4SsH-y8E
2023-05-12,video,BAACAgUAAx0EWJ5S2wAClXBkXezMkcVXrotfegeVohZsvjCQcAACRQkAAiCG8VaSRti11MyCby8E
2023-05-12,photo,AgACAgUAAx0EW5R6gAACgH9kXe5QsOKZ0_GMFqeq9MM4JNDlIgACPrgxG-9c8VadastLrNqbswEAAwIAA3MAAy8E
2023-05-12,photo,AgACAgUAAx0EW5R6gAACgIBkXe5TbQABDGYLSyrNpT-AuVSRYE8AAj-4MRvvXPFWUNWCULlcH0ABAAMCAANzAAMvBA
2023-05-12,photo,AgACAgUAAx0EW5R6gAACgIFkXe5WZewp1ey60gABys6cAVF5LNcAAkC4MRvvXPFWZ-E7OpJH6XoBAAMCAANzAAMvBA
2023-05-12,photo,AgACAgUAAx0EW5R6gAACgIJkXe5bEsa8egJCVGkwhx96nedhXgACQbgxG-9c8VavXQHOsQ-uLQEAAwIAA3MAAy8E
2023-05-12,photo,AgACAgUAAx0EW5R6gAACgINkXe9_b1ZoFbmD2b-hFPOoEDUihAACR7gxG-9c8VbT8KZVSeVpBQEAAwIAA3MAAy8E
2023-05-12,photo,AgACAgUAAx0EW5R6gAACgIRkXe-C8mgK8H40oUX15YGiLb7bLQACSLgxG-9c8VYNqOdebSjd_gEAAwIAA3MAAy8E
2023-05-12,photo,AgACAgUAAx0EW5R6gAACgIVkXe-Hsj4HBmVSZRrAX3W04L7A9wACSbgxG-9c8VaDgmU8uVrckgEAAwIAA3MAAy8E
2023-05-12,photo,AgACAgUAAx0EW5R6gAACgIZkXe-JBMMxgl7WHNkQv9IAAUg-V2IAAie2MRuV7ulWEQUPoZhXTbsBAAMCAANzAAMvBA
2023-05-12,photo,AgACAgUAAx0EW5R6gAACgIdkXe-NgURn9E4a7BPa-SKZxbZWiwACSrgxG-9c8VaBd6_OoZG2egEAAwIAA3MAAy8E
2023-05-12,video,BAACAgUAAx0EWJ5S2wAClXdkXe-UUJ69-0RhSNPwlmtra5cFtAACSQkAAiCG8VbQHZbzzGGDvy8E
2023-05-12,photo,AgACAgUAAx0EW5R6gAACgIhkXfBLQqJpYlrjayA4OjtUP_2q6QACT7gxG-9c8VaE9ftNT0CF_QEAAwIAA3MAAy8E
2023-05-12,photo,AgACAgUAAx0EW5R6gAACgIlkXfBOiDTAsR_m0qYBC9R7qYpptQACULgxG-9c8VYAAeRTLxw-gpgBAAMCAANzAAMvBA
2023-05-12,photo,AgACAgUAAx0EW5R6gAACgIpkXfBTrBghZrRnXOhagc2UmKKUZQACUbgxG-9c8VYnD08WIq_abgEAAwIAA3MAAy8E
2023-05-12,photo,AgACAgUAAx0EW5R6gAACgItkXfBYLlfhdStCu_f5Ukr6vP8pqwACUrgxG-9c8VY6tmnRaxOnGQEAAwIAA3MAAy8E
2023-05-12,video,BAACAgUAAx0EWJ5S2wAClX1kXfBhmnUVUW-kLoGtXbMZ1R3eHAACTAkAAiCG8VbbFcLhjUD1VC8E
2023-05-12,video,BAACAgUAAx0EWJ5S2wAClX5kXfBqe3ivLmFNhdK-yORS59CtzwACTQkAAiCG8VZQVq33eOVy8i8E
2023-05-12,photo,AgACAgUAAx0EW5R6gAACgIxkXfEizW8hf0-sSHzNB95rJSJ4egACU7gxG-9c8VZZPxhptUQIzQEAAwIAA3MAAy8E
2023-05-12,video,BAACAgUAAx0EWJ5S2wAClYNkXfEqNkxEHlPviFNZqtzBFiCqjQACTwkAAiCG8VZHOKEl4kJFLy8E
2023-05-12,photo,AgACAgUAAx0EW5R6gAACgI1kXfIpULR-b1EMdoItKm6DQAmgxQACVLgxG-9c8VaW259kZjWZGAEAAwIAA3MAAy8E
2023-05-12,photo,AgACAgUAAx0EW5R6gAACgI5kXfIwe3K_oNqnhLY1tyA2jjsQcAACVbgxG-9c8VZnoynpg7KP7AEAAwIAA3MAAy8E
2023-05-12,photo,AgACAgUAAx0EW5R6gAACgI9kXfIyp30I97Xd76RYntdI05dSRAACVrgxG-9c8VY-N-lCRrcWpwEAAwIAA3MAAy8E
2023-05-12,photo,AgACAgUAAx0EW5R6gAACgJBkXfI8LKBOzdVj7FH5PWZ50_wd0gACV7gxG-9c8VZ9r9tL-Zp5VQEAAwIAA3MAAy8E
2023-05-12,photo,AgACAgUAAx0EW5R6gAACgJFkXfOZG8_T_mwFY7sB2ZO5jA_62AACWrgxG-9c8Va7klmECWbiJQEAAwIAA3MAAy8E
2023-05-12,photo,AgACAgUAAx0EW5R6gAACgJJkXfOc7Sj22nQXROlMqQS-_yjkRAACW7gxG-9c8VY6V5Y7p2cUbAEAAwIAA3MAAy8E
2023-05-12,photo,AgACAgUAAx0EW5R6gAACgJNkXfOezis9LPLXjJgzaYwAARS1PCgAAly4MRvvXPFWwTLkksyYVVYBAAMCAANzAAMvBA
2023-05-12,video,BAACAgUAAx0EWJ5S2wAClYlkXfOpflUYUpBo1ZhsLiKRwvBDeQACVAkAAiCG8Vb840rM15l2_i8E
2023-05-12,video,BAACAgUAAx0EWJ5S2wAClYpkXfOtliDowKzIcg18dt0fCpYbXgACVQkAAiCG8Vb6qdzWAaD4qS8E
2023-05-12,photo,AgACAgUAAx0EW5R6gAACgJRkXfQ2L6w3iYp7Hp7lTwH7HrTc1QACXbgxG-9c8VYnTpmnE47FVgEAAwIAA3MAAy8E
2023-05-12,photo,AgACAgUAAx0EW5R6gAACgJVkXfQ6qurMxwrr5mEiCFirUaU8qQACXrgxG-9c8VYl2x0S2DGQaQEAAwIAA3MAAy8E
2023-05-12,photo,AgACAgUAAx0EW5R6gAACgJZkXfRDepE7vOD_my8hRig-DatBXQACX7gxG-9c8VZ39v8PJhrG1gEAAwIAA3MAAy8E
2023-05-12,video,BAACAgUAAx0EWJ5S2wAClY5kXfRM7aiXDPL5tlj_-yAnsl982AACWwkAAiCG8VZ4bRJQ-FOB6C8E
2023-05-12,video,BAACAgUAAx0EWJ5S2wAClY9kXfRSxv0OhZHWxIhKtPFV2_3MYQACXAkAAiCG8VZtiniQTvxqKS8E
2023-05-12,photo,AgACAgUAAx0EW5R6gAACgJdkXfVM7O8IE8MIPlgg0U8_Wz1aowACY7gxG-9c8VZp8p7TV2zqqQEAAwIAA3MAAy8E
2023-05-12,video,BAACAgUAAx0EWJ5S2wAClZNkXfVRVpN18Qx1uirJk2sPHAMRlwACYQkAAiCG8VYVSHC2iDD6xS8E
2023-05-12,photo,AgACAgUAAx0EW5R6gAACgJhkXfbn4DTgtTEZ84zvtpD4siIWogACZLgxG-9c8VYwJ50NyOBqowEAAwIAA3MAAy8E
2023-05-12,video,BAACAgUAAx0EWJ5S2wAClZVkXfbygE5fr2LbFoDJLEYzwTwQWQACYwkAAiCG8VbKUip-JeEt3y8E
2023-05-12,photo,AgACAgUAAx0EW5R6gAACgJlkXfgUemB8ge66_6mF2w9yFWNBZQACZbgxG-9c8VbTogqPgNAKIwEAAwIAA3MAAy8E
2023-05-12,photo,AgACAgUAAx0EW5R6gAACgJpkXfgbewVFGgLrirsSUdYEQAzEMAACZrgxG-9c8VY3_hXxR4FmTgEAAwIAA3MAAy8E
2023-05-12,video,BAACAgUAAx0EWJ5S2wAClZdkXfgmtwJx5hIogMxuRW6NCD0a6AACaQkAAiCG8VZMb9rc4FTDyi8E
2023-05-12,video,BAACAgUAAx0EWJ5S2wAClZhkXfgulZUAAYTPamefQBbSw9V5_nIAAmoJAAIghvFWNCucBUohuwIvBA
2023-05-12,photo,AgACAgUAAx0EW5R6gAACgJtkXfnGLLJD0o6t3PuCQ1qgQ1rPUQACbLgxG-9c8VaBx6SETRMFtAEAAwIAA3MAAy8E
2023-05-12,photo,AgACAgUAAx0EW5R6gAACgJxkXfnJJeA346C7e1tAa5MXFpz5zwACbbgxG-9c8VaujHk8IFRKggEAAwIAA3MAAy8E
2023-05-12,photo,AgACAgUAAx0EW5R6gAACgJ1kXfsSkBBQbWscdVcSAafoe4jLfQACcbgxG-9c8VY5Tm21BrQHTQEAAwIAA3MAAy8E
2023-05-12,video,BAACAgUAAx0EWJ5S2wAClZ1kXfsbd5zQgZzOTy_UM6oKe9CqawACdAkAAiCG8VYXKBBJsZc0CC8E
2023-05-12,photo,AgACAgUAAx0EW5R6gAACgJ5kXfzOi_NA6qWshmwkNqpVT-xtlgACfbgxG-9c8VYm5JlW1BaTaAEAAwIAA3MAAy8E
2023-05-12,video,BAACAgUAAx0EWJ5S2wAClZ9kXfzTILvpRk0xFSbDxwABYBe9giAAAnUJAAIghvFWnyP4uaZDHkgvBA
2023-05-12,photo,AgACAgUAAx0EW5R6gAACgJ9kXf5jeFVVbgL7ZM9VwuE1Lbk48gACg7gxG-9c8VZFruq-W9qXsgEAAwIAA3MAAy8E
2023-05-12,photo,AgACAgUAAx0EW5R6gAACgKBkXf5mI4MWq9veTHcWJ8KmJFPQAgAChLgxG-9c8VbAPhSOexxe8QEAAwIAA3MAAy8E
2023-05-12,photo,AgACAgUAAx0EW5R6gAACgKFkXf5p5mOA_ELCHjpxrzNFROfIOQAChbgxG-9c8VankolHW6EXNQEAAwIAA3MAAy8E
2023-05-12,video,BAACAgUAAx0EWJ5S2wAClaFkXf5yij3Gv15lPNo7L6285gL9HAACeAkAAiCG8VZghEmFE_gyYC8E
2023-05-12,video,BAACAgUAAx0EWJ5S2wAClaJkXf51JaNNv1Y2WoUaKQozWETjtgACeQkAAiCG8VaJij6lgOOnyi8E
2023-05-12,photo,AgACAgUAAx0EW5R6gAACgKJkXf96gktoBJ0tm8JxjqK1F2XvVgACibgxG-9c8VaJOD60PUKZBgEAAwIAA3MAAy8E
2023-05-12,photo,AgACAgUAAx0EW5R6gAACgKNkXf992cEiGKseE1_GRsl0PRD_AwACirgxG-9c8VbQ2GaFuB2q5wEAAwIAA3MAAy8E
2023-05-12,photo,AgACAgUAAx0EW5R6gAACgKRkXf-Gpp2nyinfvlQxyxVnVmFb_wACi7gxG-9c8VYgyQZn38Bb4AEAAwIAA3MAAy8E
2023-05-12,photo,AgACAgUAAx0EW5R6gAACgKVkXf-KenUjFyaNaZaSjMwPjK8X8wACjLgxG-9c8VZg_LYzMNWbjgEAAwIAA3MAAy8E
2023-05-12,video,BAACAgUAAx0EWJ5S2wAClaZkXf-ZMLsuacCkGmmEuhmDOi3O5wACfgkAAiCG8VZARG_pcPIEny8E
2023-05-12,photo,AgACAgUAAx0EW5R6gAACgKZkXgAB0-dC4adajoOqbTxeWMmXeJkAAo64MRvvXPFWtjIc8-DoW_wBAAMCAANzAAMvBA
2023-05-12,photo,AgACAgUAAx0EW5R6gAACgKdkXgAB2ORzZCa-AmoeAXiwjGNjrzcAAo-4MRvvXPFWb18SleOpNPcBAAMCAANzAAMvBA
2023-05-12,photo,AgACAgUAAx0EW5R6gAACgKhkXgAB22IkEJ8uCKcZAvA6aE847esAApC4MRvvXPFW7a0N_9A4xv0BAAMCAANzAAMvBA
2023-05-12,photo,AgACAgUAAx0EW5R6gAACgKlkXgAB3dHOdtlpktGghhMMGAGIndEAApG4MRvvXPFWID1doiCQeO4BAAMCAANzAAMvBA
2023-05-12,photo,AgACAgUAAx0EW5R6gAACgKpkXgAB4YcAAVa4C8ZBW8jpgXQ746wWAAKSuDEb71zxVmbf4T99nGx3AQADAgADcwADLwQ
2023-05-12,video,BAACAgUAAx0EWJ5S2wAClatkXgAB5Mqm96EZsUs7nH0BzImxQzoAAoEJAAIghvFWPogWIGZpe_EvBA
2023-05-12,video,BAACAgUAAx0EWJ5S2wAClaxkXgAB843tNkUdaz4uzqPThsrsQJIAAoIJAAIghvFW60j6bfaPW0QvBA
2023-05-12,photo,AgACAgUAAx0EW5R6gAACgKtkXgGpejLzckKbEeczwEzAKLoUPwAC6LQxG-9c-VYwWQPp9HF_fgEAAwIAA3MAAy8E
2023-05-12,photo,AgACAgUAAx0EW5R6gAACgKxkXgJ9diftRelpWjrl02RThcv-_wAC7rQxG-9c-VZOtEknrm6mfgEAAwIAA3MAAy8E
2023-05-12,photo,AgACAgUAAx0EW5R6gAACgK1kXgKBkrhyYqdehhLHGB_3ztQKIwAC77QxG-9c-VYC3yw6XldXXgEAAwIAA3MAAy8E
2023-05-12,photo,AgACAgUAAx0EW5R6gAACgK5kXgL3bKP173bTNWyzsMZPhuNzewAC8bQxG-9c-VaI9giMe3NyIgEAAwIAA3MAAy8E
2023-05-12,photo,AgACAgUAAx0EW5R6gAACgK9kXgL9Q8t-v-WRzDwsqP3j45PxEAAC8rQxG-9c-VYK9GNMW1-bzQEAAwIAA3MAAy8E
2023-05-12,photo,AgACAgUAAx0EW5R6gAACgLBkXgMB5tmXpBatlRFEZm2BuFh-JwAC87QxG-9c-VbTuRb9UXCykwEAAwIAA3MAAy8E
2023-05-12,photo,AgACAgUAAx0EW5R6gAACgLFkXgMFTrr4CC6P_o6r4yRwsmkLsAAC9LQxG-9c-Va_PI9_UczOQAEAAwIAA3MAAy8E
2023-05-12,photo,AgACAgUAAx0EW5R6gAACgLJkXgMJIIbEeIcx7DLCmP741yap-wAC9bQxG-9c-VZxgDzGUl_hCQEAAwIAA3MAAy8E
2023-05-12,video,BAACAgUAAx0EWJ5S2wAClbVkXgMRCW5JykiZU12zBEtCxMcOBQACgwkAAiCG8VafwutWMYVM_y8E
2023-05-12,video,BAACAgUAAx0EWJ5S2wAClbZkXgMVhMyaVtg4lUILirj_hmyTXwAChAkAAiCG8VbPa0CN3YcwQy8E
2023-05-12,video,BAACAgUAAx0EWJ5S2wAClbdkXgMgrFmuvlweznIfLKQZHMrloQAChQkAAiCG8VYqETCbIW58_S8E
2023-05-12,photo,AgACAgUAAx0EW5R6gAACgLNkXgRFifC8QFfhFUAHzr0j5GQFQgAC97QxG-9c-VYjYCFhZwtWzAEAAwIAA3MAAy8E
2023-05-12,photo,AgACAgUAAx0EW5R6gAACgLRkXgRIxszzaV2ssTTQS431tw2ylQAC-LQxG-9c-VbrivHA_AudOgEAAwIAA3MAAy8E
2023-05-12,photo,AgACAgUAAx0EW5R6gAACgLVkXgROU26ZgwndFOsLwSaEc9O9WAAC-bQxG-9c-VZGaHwX7KEwdQEAAwIAA3MAAy8E
2023-05-12,photo,AgACAgUAAx0EW5R6gAACgLZkXgRRaUsx1h07eppLV3W5q2RfmQAC-rQxG-9c-VYoK9Z1g9X5sgEAAwIAA3MAAy8E
2023-05-12,video,BAACAgUAAx0EWJ5S2wAClb1kXgRZ7uQ8yXIdwOIAAXNZ14vHi6sAAokJAAIghvFWelszHNE5tAQvBA
2023-05-12,photo,AgACAgUAAx0EW5R6gAACgLdkXgVQO3mLqu_pzwvVN4DobdLa9gAC-7QxG-9c-VZHyCsAAS_4wncBAAMCAANzAAMvBA
2023-05-12,photo,AgACAgUAAx0EW5R6gAACgLhkXgVTguN6vdMyWkFx3IXuvT6uIwAC_LQxG-9c-VZgQ1WCyRUcwwEAAwIAA3MAAy8E
2023-05-12,photo,AgACAgUAAx0EW5R6gAACgLlkXgVZE9K-Zy24ydd_6vSWbKtx8QAC_bQxG-9c-VZI0KJhLcGaJQEAAwIAA3MAAy8E
2023-05-12,video,BAACAgUAAx0EWJ5S2wAClcJkXgVhwK0n5YCJJQ-mWobzoN_6zgACjAkAAiCG8VYWB11T4azxGS8E
2023-05-12,photo,AgACAgUAAx0EW5R6gAACgLpkXgbA5SLtgFWWyYg3tiPVJq7mhQAC_7QxG-9c-Vbjk2homQpqSgEAAwIAA3MAAy8E
2023-05-12,photo,AgACAgUAAx0EW5R6gAACgLtkXgbI-tcGzRKX59bde-DAdEmoHwACAbUxG-9c-VaEFU-Td81JNgEAAwIAA3MAAy8E
2023-05-12,photo,AgACAgUAAx0EW5R6gAACgLxkXgbMHrXT5f1RNI4dqk7gDeskjwACArUxG-9c-VYNH3NO7d0KlwEAAwIAA3MAAy8E
2023-05-12,photo,AgACAgUAAx0EW5R6gAACgL1kXgbQTwABF8ZSsDc_Rg1LMZDDDoAAAgO1MRvvXPlWVuP9exZeB0kBAAMCAANzAAMvBA
2023-05-12,video,BAACAgUAAx0EWJ5S2wAClcZkXgbdbWOW7k_J6SWY4K1-n2TIWAACkgkAAiCG8VZH_d7Hts6-IC8E
2023-05-12,photo,AgACAgUAAx0EW5R6gAACgL5kXglXStt7P8QKo2bKtlUv9tXLYQACC7UxG-9c-VaJvsy-a_IuXQEAAwIAA3MAAy8E
2023-05-12,photo,AgACAgUAAx0EW5R6gAACgL9kXglcHQWzEySTAAHD1P4sECgs5BwAAgy1MRvvXPlW6nf1Bz7ajOEBAAMCAANzAAMvBA
2023-05-12,photo,AgACAgUAAx0EW5R6gAACgMBkXglfZ4FRme_MPZtiVvu6rK7zNQACDbUxG-9c-VbOd4qtohrmuQEAAwIAA3MAAy8E
2023-05-12,video,BAACAgUAAx0EWJ5S2wAClctkXglrz8zUO07rEwowQaQcFfrowAACmAkAAiCG8VbUyxvXD6MJ8y8E
2023-05-12,video,BAACAgUAAx0EWJ5S2wAClcxkXglypZjnt1H8xYLVAk0eumYsJQACmQkAAiCG8VaZNtD5B7m2kC8E
2023-05-12,video,BAACAgUAAx0EWJ5S2wAClc1kXgmCOZ4O6GvH9xzg4LGCogWMmAACmgkAAiCG8VZVVI9v63sR5y8E
2023-05-12,photo,AgACAgUAAx0EW5R6gAACgMFkXgro2XFPFMvwfpyUDce9Mlfi8AACvbUxG-9c-VZeM0PlqA7nDgEAAwIAA3MAAy8E
2023-05-12,photo,AgACAgUAAx0EW5R6gAACgMJkXgrsduUH47-J8w0Qtw9KtLk7igACvrUxG-9c-VZD0rLR6rTr3AEAAwIAA3MAAy8E
2023-05-12,video,BAACAgUAAx0EWJ5S2wACldFkXgryfNxF4xQZ3ijbcvl192KejgACnQkAAiCG8VZhHwvnsggWai8E
2023-05-12,photo,AgACAgUAAx0EW5R6gAACgMNkXgy_bbO3mMs5ZCE8cXHnL7jTgQACzLUxG-9c-VYVHkVMoC4M8AEAAwIAA3MAAy8E
2023-05-12,photo,AgACAgUAAx0EW5R6gAACgMRkXgzCQYfwdQ-cl49tEjoh_RoY_QACzbUxG-9c-VaOT9yWGZx7uAEAAwIAA3MAAy8E
2023-05-12,photo,AgACAgUAAx0EW5R6gAACgMVkXgzGiVhPBG8IBA2wexoND5QtCgACzrUxG-9c-VYopkvTa9W3EQEAAwIAA3MAAy8E
2023-05-12,photo,AgACAgUAAx0EW5R6gAACgMZkXgzIFZFWykqKSPziWO84R5iWjQACz7UxG-9c-VaauNCTitNL9AEAAwIAA3MAAy8E
2023-05-12,photo,AgACAgUAAx0EW5R6gAACgMdkXgzMIM9Z074kBoyXmiAH0Z90fAAC0LUxG-9c-VYHeVCQ_ienoQEAAwIAA3MAAy8E
2023-05-12,video,BAACAgUAAx0EWJ5S2wACldRkXgzY9QThl_2cr1ohVOr2LOgPRwACngkAAiCG8Va6fjK-MjE2LC8E
2023-05-12,photo,AgACAgUAAx0EW5R6gAACgMhkXg1R9lueHEkAAc2-mauM6fNyNPsAAtG1MRvvXPlW8GtCUcXyRW8BAAMCAANzAAMvBA
2023-05-12,photo,AgACAgUAAx0EW5R6gAACgMlkXg1V_O99k39quHTgnXZtmYMzIQAC0rUxG-9c-VYENJLvak_elgEAAwIAA3MAAy8E
2023-05-12,photo,AgACAgUAAx0EW5R6gAACgMpkXg1ZF1QRlXkz6l-DyvYbEa1LUQAC07UxG-9c-VY-QHJENJQL5wEAAwIAA3MAAy8E
2023-05-12,photo,AgACAgUAAx0EW5R6gAACgMtkXg1diMXmbznqbSJRekTHElZnCwAC1LUxG-9c-VZUfGM9lFfThwEAAwIAA3MAAy8E
2023-05-12,photo,AgACAgUAAx0EW5R6gAACgMxkXg1gT0TyiDvCVMRz1w7qwthoEQAC1bUxG-9c-VYD-7QLfrDVhQEAAwIAA3MAAy8E
2023-05-12,video,BAACAgUAAx0EWJ5S2wACldpkXg1nEhsZ5-vjhjP0my5MjZq_lQACoAkAAiCG8VacDqDeHzocIC8E
2023-05-12,video,BAACAgUAAx0EWJ5S2wACldtkXg1xioQZtxrGUBwgHZ66qrgDVAACoQkAAiCG8VbknHtC3hOolC8E
2023-05-12,photo,AgACAgUAAx0EW5R6gAACgM1kXg5tdXPM28tuCn2ANv9qwflAxAAC2LUxG-9c-VbEBnz4V5X-ugEAAwIAA3MAAy8E
2023-05-12,photo,AgACAgUAAx0EW5R6gAACgM5kXg5wxNU6lgz5Umq1dnCucuWywgAC2bUxG-9c-Vbz3LcUTXJBBAEAAwIAA3MAAy8E
2023-05-12,photo,AgACAgUAAx0EW5R6gAACgM9kXg5ziAwTJL0jvryVdG-2K0fOFAAC2rUxG-9c-VYULdMf2a2IEAEAAwIAA3MAAy8E
2023-05-12,photo,AgACAgUAAx0EW5R6gAACgNBkXg54YxNS79AlYW3BgCOV2g-HEQAC27UxG-9c-VaT6RR2Nf0HpgEAAwIAA3MAAy8E
2023-05-12,video,BAACAgUAAx0EWJ5S2wACleFkXg5-YYHVghUWr0d6KCao2Nl4ggACowkAAiCG8VYXlmyVRe1IEC8E
2023-05-12,video,BAACAgUAAx0EWJ5S2wACleJkXg6Dumd5k3ZfOOyxE3UTjZ0z4QACpAkAAiCG8Va293wIZ0NC6S8E
2023-05-12,video,BAACAgUAAx0EWJ5S2wACleNkXg6IsMMDlnn8hZpQvSZ40r3vWgACpQkAAiCG8VYTxsieRrr_3S8E
2023-05-12,photo,AgACAgUAAx0EW5R6gAACgNFkXhB3ksoB0gSWFnHkT0a4m7U15AAC4rUxG-9c-VYNaEwM7y8zOwEAAwIAA3MAAy8E
2023-05-12,photo,AgACAgUAAx0EW5R6gAACgNJkXhB6CK5PO9_KfC5Kh05wZvY7KQAC47UxG-9c-VbZjq8pwoNa0QEAAwIAA3MAAy8E
2023-05-12,photo,AgACAgUAAx0EW5R6gAACgNNkXhB9eYq4NDs0OBAtKgWdS08rdgAC5LUxG-9c-VZNLBvawnvRAQEAAwIAA3MAAy8E
2023-05-12,photo,AgACAgUAAx0EW5R6gAACgNRkXhCAHWDogslZCnB6J39KZrFSsAAC5bUxG-9c-Va9brWO5C-zQQEAAwIAA3MAAy8E
2023-05-12,video,BAACAgUAAx0EWJ5S2wAClehkXhCJxBXI0d7mS8D0LQUrt6gU-QACpgkAAiCG8VYDcoB9CLGLRy8E
2023-05-12,photo,AgACAgUAAx0EW5R6gAACgNVkXhEk0hk5f-UGSUk40tdnNQRN1gAC57UxG-9c-Va8b26_oQ0zWQEAAwIAA3MAAy8E
2023-05-12,photo,AgACAgUAAx0EW5R6gAACgNZkXhEnjVvFZerbTXR_ebhrwSbsIgAC6LUxG-9c-VZ5nGjgpzS0ywEAAwIAA3MAAy8E
2023-05-12,photo,AgACAgUAAx0EW5R6gAACgNdkXhErabNC1QSBVyAI-Jp2MwGSwAAC6bUxG-9c-Vaq_OhE-C_O7wEAAwIAA3MAAy8E
2023-05-12,photo,AgACAgUAAx0EW5R6gAACgNhkXhEwRMByZo530yHnhhht8Dap5AAC6rUxG-9c-VYHa6QejiiNNAEAAwIAA3MAAy8E
2023-05-12,photo,AgACAgUAAx0EW5R6gAACgNlkXhE4EqUsfm6hK7_74193xw6tNAAC67UxG-9c-VYq5PsqVJP1oQEAAwIAA3MAAy8E
2023-05-12,video,BAACAgUAAx0EWJ5S2wACle1kXhFAfGO8OKAAASXkza42228rCUsAAqcJAAIghvFWNu8ndauC1agvBA
2023-05-12,photo,AgACAgUAAx0EW5R6gAACgNpkXhIBu-ccYOWJiXyPVnbz5edqeQAC7LUxG-9c-VYXmXuwsaYp2QEAAwIAA3MAAy8E
2023-05-12,photo,AgACAgUAAx0EW5R6gAACgNtkXhIEZCOk-HKSQ_BR8Jgzpn0c_gAC7bUxG-9c-Vbt1H4ZgPDd1QEAAwIAA3MAAy8E
2023-05-12,photo,AgACAgUAAx0EW5R6gAACgNxkXhIGp_opD3XDQ_TuFoB4_DmcDgAC7rUxG-9c-VbufRQC8WF5kgEAAwIAA3MAAy8E
2023-05-12,photo,AgACAgUAAx0EW5R6gAACgN1kXhIISR7vfPMoCt4hMFkqNyxGowAC77UxG-9c-VZ-8znKze52JQEAAwIAA3MAAy8E
2023-05-12,video,BAACAgUAAx0EWJ5S2wAClfNkXhIRI__TwALmB-GaKhJqROgMXAACqAkAAiCG8Vb44j8l84I3tS8E
2023-05-12,video,BAACAgUAAx0EWJ5S2wAClfRkXhIa6ykVD8x3yDtZZNEs4BNusQACqQkAAiCG8VYZ0BPE3XlTMC8E
2023-05-12,photo,AgACAgUAAx0EW5R6gAACgN5kXhKihSjEcwZIVAABgkc_QqkUuqoAAvC1MRvvXPlWWE9LPoUWzY8BAAMCAANzAAMvBA
2023-05-12,video,BAACAgUAAx0EWJ5S2wAClflkXhKrAZo2PZSkBfN2mPOmwlxyfwACqwkAAiCG8VYJZ1FhIcrddS8E
2023-05-12,photo,AgACAgUAAx0EW5R6gAACgN9kXhOD0-_epqEV02M1XqAHegFoxwAC8bUxG-9c-VZHqdzqLfcb2gEAAwIAA3MAAy8E
2023-05-12,photo,AgACAgUAAx0EW5R6gAACgOBkXhOFCArVicYxnhVyVTWIBoFsqQAC8rUxG-9c-VY7VgRro1v4FQEAAwIAA3MAAy8E
2023-05-12,photo,AgACAgUAAx0EW5R6gAACgOFkXhOHQSg3M_aMB5wUQn3FDZpkgQAC87UxG-9c-VbJ4TQq0BW2SQEAAwIAA3MAAy8E
2023-05-12,photo,AgACAgUAAx0EW5R6gAACgOJkXhOO98aGbJJSdFQEWMYVVTaoFAAC9LUxG-9c-VbgznVmeK4UBwEAAwIAA3MAAy8E
2023-05-12,photo,AgACAgUAAx0EW5R6gAACgONkXhORqGMGCa5gfmUYAh_e6XxFnwAC9bUxG-9c-VYxEkz8Eu3WdgEAAwIAA3MAAy8E
2023-05-12,video,BAACAgUAAx0EWJ5S2wAClftkXhOd1LaNdjy_A59-YH5h8qoLMQACrwkAAiCG8VZ570Qe-b82pi8E
2023-05-12,photo,AgACAgUAAx0EW5R6gAACgORkXhU-LchJkT1oNDnL0vBMcHc3gwAC97UxG-9c-VZCczEkuvWlsQEAAwIAA3MAAy8E
2023-05-12,photo,AgACAgUAAx0EW5R6gAACgOVkXhVBq9Vg4mUlMQKIQVoa3ufyzwAC8bQxG-9c-VaI9giMe3NyIgEAAwIAA3MAAy8E
2023-05-12,photo,AgACAgUAAx0EW5R6gAACgOZkXhVDG5LcxE5lLukWbgJOhd3z9AAC-LUxG-9c-VYYTBjOPnA88gEAAwIAA3MAAy8E
2023-05-12,photo,AgACAgUAAx0EW5R6gAACgOdkXhVJpHo8E8Y4vLgRcFmPpYoUMAAC-bUxG-9c-VZo3niLk9qrKwEAAwIAA3MAAy8E
2023-05-12,photo,AgACAgUAAx0EW5R6gAACgOhkXhVNrkTgUwxmWWIcxmXy4tgXegAC-rUxG-9c-VaKshdPilC82AEAAwIAA3MAAy8E
2023-05-12,video,BAACAgUAAx0EWJ5S2wAClgFkXhVcLydB5hrV_39cj4wsIKtF4gACsQkAAiCG8Vajb0J6o1Ebci8E
2023-05-12,photo,AgACAgUAAx0EW5R6gAACgOlkXhbO8MHrGEZ0N38ErWZJYhIe9QAC-7UxG-9c-VZDCSFLAvVgPAEAAwIAA3MAAy8E
2023-05-12,photo,AgACAgUAAx0EW5R6gAACgOpkXhbSaP9ha1t0bAZdL01EGuBmiQAC_LUxG-9c-VYB36uxNRFcFgEAAwIAA3MAAy8E
2023-05-12,photo,AgACAgUAAx0EW5R6gAACgOtkXhbVLLmtjaP4gkSSncKggbJPMAAC_bUxG-9c-VaAGMaeYX01FgEAAwIAA3MAAy8E
2023-05-12,photo,AgACAgUAAx0EW5R6gAACgOxkXhbXppXgfulzQmhABJVvVWfzuwAC_rUxG-9c-VbFSNaDGQ28nwEAAwIAA3MAAy8E
2023-05-12,video,BAACAgUAAx0EWJ5S2wAClgdkXhbctLZWpD5cpBAR9gE2oEUpIwACtgkAAiCG8VY14zyQswS7Li8E
2023-05-12,video,BAACAgUAAx0EWJ5S2wAClghkXhbkHJlx34HtQl5Q_HRMhJOQcgACtwkAAiCG8VZkgJvAZoBb1S8E
2023-05-12,photo,AgACAgUAAx0EW5R6gAACgO1kXhglffkLIGUJ3vJNtF7HhWpjtAADtjEb71z5VpL8-SfEtASPAQADAgADcwADLwQ
2023-05-12,photo,AgACAgUAAx0EW5R6gAACgO5kXhgo818-UALWQag0rkEOruWXuQACAbYxG-9c-VbpjEpYNM1oegEAAwIAA3MAAy8E
2023-05-12,photo,AgACAgUAAx0EW5R6gAACgO9kXhgrGr3XWB29yGdzUHbd2ubx3QACArYxG-9c-VaSnR0eFVhI6AEAAwIAA3MAAy8E
2023-05-12,photo,AgACAgUAAx0EW5R6gAACgPBkXhgwhztwiuBhoZ8lKZlfmITp6AACA7YxG-9c-VbS7HU4BjDa7AEAAwIAA3MAAy8E
2023-05-12,video,BAACAgUAAx0EWJ5S2wAClg1kXhg4bkHFmagzKzfw5-LDMEtxGQACuQkAAiCG8VZ1xXh524Mecy8E
2023-05-12,video,BAACAgUAAx0EWJ5S2wAClg5kXhhEkgsVK-DnNR1ai-EnX7wPAwACugkAAiCG8VayY6hs-YNA6C8E
2023-05-12,photo,AgACAgUAAx0EW5R6gAACgPFkXhonR6fBsE9eVDSFrpwP8H2o3gACBbYxG-9c-VYFMa6iAa_hGgEAAwIAA3MAAy8E
2023-05-12,photo,AgACAgUAAx0EW5R6gAACgPJkXhorxgdk0rZHGrMaWHmpZQQCEwACBrYxG-9c-VZ2YZ-I-8BNLAEAAwIAA3MAAy8E
2023-05-12,photo,AgACAgUAAx0EW5R6gAACgPNkXhouYotWID6brvQQi53U7PYeqgACB7YxG-9c-VZFF2zziWM_qAEAAwIAA3MAAy8E
2023-05-12,photo,AgACAgUAAx0EW5R6gAACgPRkXhov63xQcwc_Oy_yA3YW21N08gACCLYxG-9c-VZAJMZFY2riBwEAAwIAA3MAAy8E
2023-05-12,photo,AgACAgUAAx0EW5R6gAACgPVkXhoy7ufU8I5MnP_t7NlqrJqDfAACCbYxG-9c-VbVlfOoaI27pAEAAwIAA3MAAy8E
2023-05-12,video,BAACAgUAAx0EWJ5S2wAClhNkXho309DFB4U_GcE845cE9z2ytQACxAkAAiCG8VaBgwi-X-Jbry8E
2023-05-12,video,BAACAgUAAx0EWJ5S2wAClhRkXho8AAHaTh_RygKhUfRP79s32WcAAsUJAAIghvFWwOgqUF3vwOgvBA
2023-05-12,photo,AgACAgUAAx0EW5R6gAACgPZkXhq5Q8zRgvPA6ioDFFBvV650DwACCrYxG-9c-VaeZGM47smvOwEAAwIAA3MAAy8E
2023-05-12,video,BAACAgUAAx0EWJ5S2wAClhpkXhq9bg0_GU6xEwT2r9yNcIR8DAACyAkAAiCG8VbIedYjaCg3wi8E
2023-05-12,video,BAACAgUAAx0EWJ5S2wAClhtkXhrBtCfn9BRcA5LTQYJYSA-BfwACyQkAAiCG8Vayh_L3WpYX5y8E
2023-05-12,photo,AgACAgUAAx0EW5R6gAACgPdkXhuS88a95FeqjyGJzmqQYdwtoAACC7YxG-9c-VZkCQWpv_VYigEAAwIAA3MAAy8E
2023-05-12,photo,AgACAgUAAx0EW5R6gAACgPhkXhuXtqCFh_H8RDqBnJSKb_DqhQACDLYxG-9c-VbOix4o11-GSwEAAwIAA3MAAy8E
2023-05-12,photo,AgACAgUAAx0EW5R6gAACgPlkXhubG1hNtHQz6ipgQoYJvSQCRAACDbYxG-9c-Vb_SRpP8bjSNQEAAwIAA3MAAy8E
2023-05-12,video,BAACAgUAAx0EWJ5S2wAClh1kXhusLhE-38dH7rD9jG189x8x8wACygkAAiCG8VYEwE3mQpCUES8E
2023-05-12,photo,AgACAgUAAx0EW5R6gAACgPpkXh2xeaTYz_0xnnf1q6Ny4xUWJgACF7YxG-9c-Va8m3x2pwsLSwEAAwIAA3MAAy8E
2023-05-12,photo,AgACAgUAAx0EW5R6gAACgPtkXh2zHbKDIpxzZYwe00AFe34qngACGLYxG-9c-VaAZFAdfzWkWgEAAwIAA3MAAy8E
2023-05-12,photo,AgACAgUAAx0EW5R6gAACgPxkXh21cgX2iAeDoVuK4MBBqVCMPQACwLUxG5Xu6VYfe_ilE82hKwEAAwIAA3MAAy8E
2023-05-12,video,BAACAgUAAx0EWJ5S2wACliFkXh25FWhZ-ALcWbxlB-yGWdk-dQAC0gkAAiCG8VbEwLrbr0Slgy8E
2023-05-12,photo,AgACAgUAAx0EW5R6gAACgP1kXh9sJB7UCeu5bDUNPpkHA71LRwACH7YxG-9c-Vahp6xk3BxAMAEAAwIAA3MAAy8E
2023-05-12,photo,AgACAgUAAx0EW5R6gAACgP5kXiFiU08bvlPYB0Jyw0ONtMcbGAACI7YxG-9c-VYuOyYgHZ9uRwEAAwIAA3MAAy8E
2023-05-12,photo,AgACAgUAAx0EW5R6gAACgP9kXiFlwIgDE9cBx10hdWDLElo_GgACJLYxG-9c-VapY1D3jCaOUwEAAwIAA3MAAy8E
2023-05-12,video,BAACAgUAAx0EWJ5S2wACliZkXiFpsarn25aDIPnvFewzXeufygAC0wkAAiCG8VZ0oveIOAtNmi8E
2023-05-12,photo,AgACAgUAAx0EW5R6gAACgQABZF4i2sfi04QBgZKB2q-2f8uJb6MAAim2MRvvXPlWY7GMDhQ8MmoBAAMCAANzAAMvBA
2023-05-12,photo,AgACAgUAAx0EW5R6gAACgQFkXiLeQa0llDZOn_I-OGfiXGfOCAACKrYxG-9c-VZpmFTrLgXiQgEAAwIAA3MAAy8E
2023-05-12,video,BAACAgUAAx0EWJ5S2wAClilkXiLu2ldRHd6lcSwazvarEpQQvwAC1gkAAiCG8Va7j3mZ-gl6LC8E
2023-05-12,photo,AgACAgUAAx0EW5R6gAACgQJkXiOPIHnAE--oLVUdkUTwoC3wSgACK7YxG-9c-VZoNZ2WkYWFIwEAAwIAA3MAAy8E
2023-05-12,photo,AgACAgUAAx0EW5R6gAACgQNkXiOTwQSQNqaa-gZP9v7BGZV7HQACLbYxG-9c-VZpzUahESUtuAEAAwIAA3MAAy8E
2023-05-12,photo,AgACAgUAAx0EW5R6gAACgQRkXiOXBp841FkDryu4JU0nOhaj2QACMLYxG-9c-VZ-a4eAD0H9SQEAAwIAA3MAAy8E
2023-05-12,photo,AgACAgUAAx0EW5R6gAACgQVkXiOZdlDoHEl_9jtqT4oxSrRfiQACMrYxG-9c-VYuzLx0F4i5FQEAAwIAA3MAAy8E
2023-05-12,photo,AgACAgUAAx0EW5R6gAACgQZkXiObveFSjG3tjXJPtpILX2hR_QACNbYxG-9c-VYYmimYBB12hQEAAwIAA3MAAy8E
2023-05-12,video,BAACAgUAAx0EWJ5S2wAClixkXiOkthWKyvjHXKlZ9im2QDMTfgAC1wkAAiCG8VZIuSC-p_3-ZS8E
2023-05-12,photo,AgACAgUAAx0EW5R6gAACgQdkXiQwveQbp71y9xjqYJX4K4Q8aQACQLYxG-9c-Vb6X9pA718pugEAAwIAA3MAAy8E
2023-05-12,photo,AgACAgUAAx0EW5R6gAACgQhkXiQzM23zINwFPnr7RQreD8vvIgACQbYxG-9c-Vb3CTXaaA9gYAEAAwIAA3MAAy8E
2023-05-12,photo,AgACAgUAAx0EW5R6gAACgQlkXiQ3tTNXeYQpqwIKZL7tGSMcrQACQrYxG-9c-VZndp9vM76eDAEAAwIAA3MAAy8E
2023-05-12,photo,AgACAgUAAx0EW5R6gAACgQpkXiQ81C-qm5LVU2rVYtsuoORJRwACQ7YxG-9c-VYlGrwe3fFr_wEAAwIAA3MAAy8E
2023-05-12,video,BAACAgUAAx0EWJ5S2wACljJkXiRINuFoJrlHrYN9tog7tjE96wAC2AkAAiCG8Vb2CfpRGWCxiC8E
2023-05-12,photo,AgACAgUAAx0EW5R6gAACgQtkXiY-v03F2gABb1RHgKHuOwlwtH4AAkW2MRvvXPlWFFv78JTE5AoBAAMCAANzAAMvBA
2023-05-12,photo,AgACAgUAAx0EW5R6gAACgQxkXiZBcUsvhbSY-PY3wKOn3EqwUgACRrYxG-9c-VZiCsYYaf9eggEAAwIAA3MAAy8E
2023-05-12,photo,AgACAgUAAx0EW5R6gAACgQ1kXiZL2HYBIhtoKqM86sbwQ58C1AACR7YxG-9c-VYVpP_QPDPX_AEAAwIAA3MAAy8E
2023-05-12,photo,AgACAgUAAx0EW5R6gAACgQ5kXiZQYd1zmao2y358W6FEaQMWlwACSLYxG-9c-VY_F5TS0DWNiwEAAwIAA3MAAy8E
2023-05-12,video,BAACAgUAAx0EWJ5S2wACljdkXiZYtqz6tNt3k406F0iftNJt5gAC2gkAAiCG8VZcyB3LqcQ0_y8E
2023-05-12,photo,AgACAgUAAx0EW5R6gAACgQ9kXieEiZUWegJLfTbST1Px4FqF_AACSrYxG-9c-VbouNIFdc2hGAEAAwIAA3MAAy8E
2023-05-12,photo,AgACAgUAAx0EW5R6gAACgRBkXieJcW_Em-C0R3bJSAcT01-KBAACS7YxG-9c-VZWj4dvPZm0NAEAAwIAA3MAAy8E
2023-05-12,photo,AgACAgUAAx0EW5R6gAACgRFkXih0H2taJvJa3fX3b2qkRpl2NAACULYxG-9c-Varp3F7HkKMtgEAAwIAA3MAAy8E
2023-05-12,photo,AgACAgUAAx0EW5R6gAACgRJkXih3zvPizmCVEuAd4cZjwUF02gACUbYxG-9c-VY7CpVGxBQMqQEAAwIAA3MAAy8E
2023-05-12,video,BAACAgUAAx0EWJ5S2wAClj5kXiiEB4GesLA1MPj79E3bgduDEQAC3AkAAiCG8VZnD8pQhxZXoS8E
2023-05-12,photo,AgACAgUAAx0EW5R6gAACgRNkXil2Ncv4tpPKkVQcioZbJRmWfAACVLYxG-9c-VZJlejU2lxG0gEAAwIAA3MAAy8E
2023-05-12,photo,AgACAgUAAx0EW5R6gAACgRRkXil4LGikRkNW3-ydw_p9I8_JYgACVbYxG-9c-VbMtKpBu5FC4QEAAwIAA3MAAy8E
2023-05-12,photo,AgACAgUAAx0EW5R6gAACgRVkXil8uWhAgAEtrzQFCwnV0qYOtQACVrYxG-9c-VaSKebp4-L7AAEBAAMCAANzAAMvBA
2023-05-12,photo,AgACAgUAAx0EW5R6gAACgRZkXil-BrJ-tmqZEqwtNBRhb9kt-gACV7YxG-9c-VZDFydm5L9NAAEBAAMCAANzAAMvBA
2023-05-12,photo,AgACAgUAAx0EW5R6gAACgRdkXimBmwe_gE4N-VQJ2It4cCx16gACWLYxG-9c-VYmhTg0-iMyxQEAAwIAA3MAAy8E
2023-05-12,video,BAACAgUAAx0EWJ5S2wAClkFkXimLK3tV0kXfH4ZTqSOw_J-faQAC3QkAAiCG8VaqaoMjurywjS8E
2023-05-12,photo,AgACAgUAAx0EW5R6gAACgRhkXipJMgu-FdNWFHGkhMy21BvaiQACWrYxG-9c-VYOhLj3TdHYdwEAAwIAA3MAAy8E
2023-05-12,photo,AgACAgUAAx0EW5R6gAACgRlkXipMCzdjYx2rtOrh4sT0XdlKxQACW7YxG-9c-VZ05RUFG2AekgEAAwIAA3MAAy8E
2023-05-12,photo,AgACAgUAAx0EW5R6gAACgRpkXipO1xWYEAOC3wZXMwVnaOHg4QACXLYxG-9c-VYtzMT7CzoAARMBAAMCAANzAAMvBA
2023-05-12,photo,AgACAgUAAx0EW5R6gAACgRtkXipRtdaoayTM6CXj0P0QKngAAaAAAl22MRvvXPlWXzVUta_IlfkBAAMCAANzAAMvBA
2023-05-12,photo,AgACAgUAAx0EW5R6gAACgRxkXitR3-BHmENYJSov5AZH9WyyTgACXrYxG-9c-VaOpzCRFIa0uwEAAwIAA3MAAy8E
2023-05-12,photo,AgACAgUAAx0EW5R6gAACgR1kXitUR98JNnWM49ppAjQWMPBRIgACX7YxG-9c-VajfhALFArqTwEAAwIAA3MAAy8E
2023-05-12,photo,AgACAgUAAx0EW5R6gAACgR5kXitYdIFpe01KF1-kzWLC-zzZuQACYLYxG-9c-VaTnfPyLvlZxQEAAwIAA3MAAy8E
2023-05-12,photo,AgACAgUAAx0EW5R6gAACgR9kXitdX3bjg5XALJnyTWOVQgABChYAAoC1MRuV7ulW717z6FaJaOoBAAMCAANzAAMvBA
2023-05-12,photo,AgACAgUAAx0EW5R6gAACgSBkXitgE2CHL9RJpM_ewQbsvOWCOwACYbYxG-9c-VZz_6PRHl1otwEAAwIAA3MAAy8E
2023-05-12,video,BAACAgUAAx0EWJ5S2wAClktkXitpXCw1GVV-_SvLJ2bMVK4NFAAC3wkAAiCG8ValEfNRgtLZ-S8E
2023-05-12,video,BAACAgUAAx0EWJ5S2wAClkxkXits0EghMfw1cvONeuKaBY_3gwAC4AkAAiCG8VYknuTZAAG3ZuYvBA
2023-05-12,photo,AgACAgUAAx0EW5R6gAACgSFkXi0sw9OgjzxTXnyb2Hi_XQ9FogACZLYxG-9c-VZXkn5P5mZVtgEAAwIAA3MAAy8E
2023-05-12,video,BAACAgUAAx0EWJ5S2wACllJkXi0whLcjPj23HKOlcTHSK1PzWAAC4gkAAiCG8Var1mRKdYYl2y8E
2023-05-12,photo,AgACAgUAAx0EW5R6gAACgSJkXi3X3uaANbLycx9TWPsD6clq7AACZrYxG-9c-VbQOm2c4kii4QEAAwIAA3MAAy8E
2023-05-12,photo,AgACAgUAAx0EW5R6gAACgSNkXi5sitdbh9Wvl0reTrb8L8tI8wACaLYxG-9c-VbdFDQWStffiAEAAwIAA3MAAy8E
2023-05-12,photo,AgACAgUAAx0EW5R6gAACgSRkXjBXFxpydE_KjbveQnEKCffeqgACJ7YxG5Xu6VYRBQ-hmFdNuwEAAwIAA3MAAy8E
2023-05-12,photo,AgACAgUAAx0EW5R6gAACgSVkXjBapb66gBKutNs8lpgsgx4FDgACbLYxG-9c-VaU80IN10E8AwEAAwIAA3MAAy8E
2023-05-12,video,BAACAgUAAx0EWJ5S2wACllZkXjBk0H5RZ_l0plOPRDV2SFKPTwAC5gkAAiCG8VZ3sKMsPOkQJy8E
2023-05-12,video,BAACAgUAAx0EWJ5S2wAClldkXjBpO1CInNsjtBSIGosErxypCgAC5wkAAiCG8Vbnzls7mUzLJy8E
2023-05-12,photo,AgACAgUAAx0EW5R6gAACgSZkXjJarx_RSr340yfC3zMXdcKpjAACbbYxG-9c-Varo1FvdwiNvwEAAwIAA3MAAy8E
2023-05-12,photo,AgACAgUAAx0EW5R6gAACgSdkXjO9_AEyv65j4xjiEoqXGXrzkgACb7YxG-9c-VYSg9_DEMkJhQEAAwIAA3MAAy8E
2023-05-12,photo,AgACAgUAAx0EW5R6gAACgShkXjWo9Cdvuc87dIOgEFcDFFy03AACcrYxG-9c-Vb5DBX3AXSlyAEAAwIAA3MAAy8E
2023-05-12,photo,AgACAgUAAx0EW5R6gAACgSlkXjWs53YnC3KtBxe0GE59WA9HpQACc7YxG-9c-Vb0bfbVF3XIewEAAwIAA3MAAy8E
2023-05-12,photo,AgACAgUAAx0EW5R6gAACgSpkXjWwXjeY0-LrReXESvRu9jQGaQACdLYxG-9c-Vagostu03tEyQEAAwIAA3MAAy8E
2023-05-12,photo,AgACAgUAAx0EW5R6gAACgStkXjWyKRUd5DTGL0bx6q3mYpnh7gACdbYxG-9c-VZP8rKjsfpMrQEAAwIAA3MAAy8E
2023-05-12,photo,AgACAgUAAx0EW5R6gAACgSxkXjaUM_Kql3wWXtmmiZEtUYlB7gAChrYxG-9c-Vbz2ig74YykWgEAAwIAA3MAAy8E
2023-05-12,photo,AgACAgUAAx0EW5R6gAACgS1kXjaYqAb762z2O-8xSsnlwj3j4AACh7YxG-9c-VaBsJPAtkrDmQEAAwIAA3MAAy8E
2023-05-12,photo,AgACAgUAAx0EW5R6gAACgS5kXjab1WslPXPuAwdOdlM-1HN4AAOItjEb71z5VjIvcSAQkLVQAQADAgADcwADLwQ
2023-05-12,video,BAACAgUAAx0EWJ5S2wAClmBkXjagaxt5zRY1m0L3O1Zu-5cebAAC7AkAAiCG8VZC8TE8jAbQXC8E
2023-05-12,photo,AgACAgUAAx0EW5R6gAACgS9kXjccdck6tYWoXp68gsw6H0tpVAACibYxG-9c-VbtJe3bSciGHgEAAwIAA3MAAy8E
2023-05-12,photo,AgACAgUAAx0EW5R6gAACgTBkXjcgBcBW8V4M9t2vMUqJ4CG7BgACirYxG-9c-VYPyCyz7WwE9QEAAwIAA3MAAy8E
2023-05-12,video,BAACAgUAAx0EWJ5S2wAClmRkXjcsK8Tum8VuemI3Zmmb8RsvPgAC8gkAAiCG8VZ1OllulX5dSy8E
2023-05-12,photo,AgACAgUAAx0EW5R6gAACgTFkXjkq1Jjn2myQY2AB87rdh5kimwACjLYxG-9c-VbO8cXD4yHIIgEAAwIAA3MAAy8E
2023-05-12,photo,AgACAgUAAx0EW5R6gAACgTJkXjku8phcBytUGEIFHIFo6n0yVwACjbYxG-9c-VatkjIhObtMxgEAAwIAA3MAAy8E
2023-05-12,photo,AgACAgUAAx0EW5R6gAACgTNkXjkxLT0Bud4bkFVwgrDRW4XNjQACjrYxG-9c-VbU_CToo-kJIgEAAwIAA3MAAy8E
2023-05-12,photo,AgACAgUAAx0EW5R6gAACgTRkXjk0QlLaLMxbxW_TBNhy_CGd2AACj7YxG-9c-VYQyi0DUY2AjAEAAwIAA3MAAy8E
2023-05-12,photo,AgACAgUAAx0EW5R6gAACgTVkXjk3HRp1dE-mbp-LaYrWh88etgACkLYxG-9c-VZaP7Fwk5EKmwEAAwIAA3MAAy8E
2023-05-12,photo,AgACAgUAAx0EW5R6gAACgTZkXjs5A821YU5GprIfaMB_TprTmwACkrYxG-9c-VZ0M8OPy6cYGgEAAwIAA3MAAy8E
2023-05-12,photo,AgACAgUAAx0EW5R6gAACgTdkXjs9J8-CNW_46rekGhOK187lbwACk7YxG-9c-VaGNrsSMsaR8gEAAwIAA3MAAy8E
2023-05-12,photo,AgACAgUAAx0EW5R6gAACgThkXjtAaVeOaMfGrrXhkhD6PBc-vAAClLYxG-9c-VYBqgU72y_n5gEAAwIAA3MAAy8E
2023-05-12,video,BAACAgUAAx0EWJ5S2wAClmxkXjtLfWq1Xm_62wnCGpOyqeWd8wAC_AkAAiCG8VbXgMVexK9ycC8E
2023-05-12,photo,AgACAgUAAx0EW5R6gAACgTlkXj0y9cJCyaI6qauxpf_fdxoMZQAClrYxG-9c-VYZtuZHFo1fFQEAAwIAA3MAAy8E
2023-05-12,photo,AgACAgUAAx0EW5R6gAACgTpkXj04IaME31pu6IEzXNo5dW1SZwACl7YxG-9c-VbDHrI08ga1IgEAAwIAA3MAAy8E
2023-05-12,photo,AgACAgUAAx0EW5R6gAACgTtkXj079JBZDNaE4heBFLj0_69TxgACmLYxG-9c-VbJXGn_SUiEwgEAAwIAA3MAAy8E
2023-05-12,video,BAACAgUAAx0EWJ5S2wAClnBkXj1AngABpxquoqS7C0R4WoHu7WsAAgoKAAIghvFWv8RecoJoqlovBA
2023-05-12,photo,AgACAgUAAx0EW5R6gAACgTxkXj8bfUuN8XCJbMS1VQfw5ETiDAACm7YxG-9c-VYQk5EL78dk-QEAAwIAA3MAAy8E
2023-05-12,video,BAACAgUAAx0EWJ5S2wAClnRkXj8iJ9Wz58XCWBLJsht0iVwxWAACFAoAAiCG8Vaf9HyinyuGGC8E
2023-05-12,photo,AgACAgUAAx0EW5R6gAACgT1kXkDsG3Aps3Gy6saFPTT9e-D-DAACn7YxG-9c-VaulmV_O6IOHQEAAwIAA3MAAy8E
2023-05-12,video,BAACAgUAAx0EWJ5S2wAClnZkXkDyuhG4tacX0qVPKN4Q0uiEdQACGgoAAiCG8VYyQq0MpFE5Gy8E
2023-05-12,photo,AgACAgUAAx0EW5R6gAACgT5kXkIuoiJKA2Q06_kygWo29y57PAACorYxG-9c-VbmY6P6ba71-AEAAwIAA3MAAy8E
2023-05-12,photo,AgACAgUAAx0EW5R6gAACgT9kXkIy4zSuvBVMdiRWnjC8hik3fAACo7YxG-9c-Va4z1SF-vuVVgEAAwIAA3MAAy8E
2023-05-12,photo,AgACAgUAAx0EW5R6gAACgUBkXkI2Znr1m0eHgNKncJJlzJfUqgACpLYxG-9c-VZtGdmDhiTUCAEAAwIAA3MAAy8E
2023-05-12,photo,AgACAgUAAx0EW5R6gAACgUFkXkQKyZq9xAaRhJnDJ_9uTpJqTgACprYxG-9c-VanUscZNtM9qwEAAwIAA3MAAy8E
2023-05-12,photo,AgACAgUAAx0EW5R6gAACgUJkXkQNNqgPtfWwHL11iERtvm8uvAACp7YxG-9c-VYI-GyO5r4NQgEAAwIAA3MAAy8E
2023-05-12,video,BAACAgUAAx0EWJ5S2wAClntkXkQWN90Ca4LdINbFkqRqbkZ3VwACLQoAAiCG8VY8azC6xaoQwC8E
2023-05-12,photo,AgACAgUAAx0EW5R6gAACgUNkXkTx86e0rDpVuubPGoZZzpIMtQACqLYxG-9c-VYEMlHtOnjJ6AEAAwIAA3MAAy8E
2023-05-12,photo,AgACAgUAAx0EW5R6gAACgURkXkT2evNieccnPb49sxMYtU3b3AACqbYxG-9c-VYCqsEYH27ENwEAAwIAA3MAAy8E
2023-05-12,photo,AgACAgUAAx0EW5R6gAACgUVkXkT7huIQ3lUwcegcsAnUCo9HWQACqrYxG-9c-VY372qvTmmm1wEAAwIAA3MAAy8E
2023-05-12,photo,AgACAgUAAx0EW5R6gAACgUZkXkT-HaTRonTcm2hqJE-5zMLjCQACrLYxG-9c-VZa3oxlyo5kLwEAAwIAA3MAAy8E
2023-05-12,photo,AgACAgUAAx0EW5R6gAACgUdkXkUBlqVw5XMlkdYzW9_g7YCRXAACrbYxG-9c-VaNM5K12nKErgEAAwIAA3MAAy8E
2023-05-12,photo,AgACAgUAAx0EW5R6gAACgUhkXkWCobhr07ZfZWIjehn-EAABhrYAArC2MRvvXPlW1_XmDK-7Tw8BAAMCAANzAAMvBA
2023-05-12,photo,AgACAgUAAx0EW5R6gAACgUlkXkWF5_7d2HMWdlPzCN06W4_vbgACsbYxG-9c-VZo2P3Y_JNfZgEAAwIAA3MAAy8E
2023-05-12,photo,AgACAgUAAx0EW5R6gAACgUpkXkWI7V7o5NQf4QQePMx-lUZdtAACsrYxG-9c-VYHg4TVJH0_MwEAAwIAA3MAAy8E
2023-05-12,photo,AgACAgUAAx0EW5R6gAACgUtkXkWOF3h4R8VtSj2pYMr3-gfNRAACs7YxG-9c-VaBPu3bVSYMPwEAAwIAA3MAAy8E
2023-05-12,photo,AgACAgUAAx0EW5R6gAACgUxkXkax2-IxS2PaYl_yXBz7UgWNCgACvbYxG-9c-Va74li65Zm-PwEAAwIAA3MAAy8E
2023-05-12,photo,AgACAgUAAx0EW5R6gAACgU1kXka0_re6bB9EYmp1LesfcR3wpgACvrYxG-9c-VYjm9tbKMAVCwEAAwIAA3MAAy8E
2023-05-12,photo,AgACAgUAAx0EW5R6gAACgU5kXka7o3VDJlwixi09MwO7ECDRlQACv7YxG-9c-VaXCyVRr6wHowEAAwIAA3MAAy8E
2023-05-12,photo,AgACAgUAAx0EW5R6gAACgU9kXkbBoWrJuai5b1NXhCByF1JqWQACwLYxG-9c-VbPKBVmxJcYuAEAAwIAA3MAAy8E
2023-05-12,photo,AgACAgUAAx0EW5R6gAACgVBkXkf5a5hDHwGKOfyMqvnSSIoFhwACwrYxG-9c-Vabi1zga-qNxQEAAwIAA3MAAy8E
2023-05-12,photo,AgACAgUAAx0EW5R6gAACgVFkXkf9Tc57GQxjLQKfAAHkxRvQ_8cAAsO2MRvvXPlWOA6_7Gst_ckBAAMCAANzAAMvBA
2023-05-12,photo,AgACAgUAAx0EW5R6gAACgVJkXkl6iL5Vo3bmKcBUPwRPz082oQAC3LYxG-9c-VZ8RZngKRGvogEAAwIAA3MAAy8E
2023-05-12,photo,AgACAgUAAx0EW5R6gAACgVNkXkl-WNBzNiqF-njB-i-KutMTXQAC3bYxG-9c-VZyqsGJU_TFbAEAAwIAA3MAAy8E
2023-05-12,photo,AgACAgUAAx0EW5R6gAACgVRkXkmAcBnh6hrISLzb7uwhZqTGLgAC37YxG-9c-Vb0S0E8bbWfzQEAAwIAA3MAAy8E
2023-05-12,photo,AgACAgUAAx0EW5R6gAACgVVkXkn21U8nddVaD2zTNkhU2BFdkAAC4bYxG-9c-VZw0b_cxePLPgEAAwIAA3MAAy8E
2023-05-12,photo,AgACAgUAAx0EW5R6gAACgVZkXkn5UINwpZsW4KND0FzBSFF3mQACj7YxG-9c-VYQyi0DUY2AjAEAAwIAA3MAAy8E
2023-05-12,photo,AgACAgUAAx0EW5R6gAACgVdkXkn8o6Sk_0YFwRtamGZzVXPQmwAC4rYxG-9c-VYs2gABC1YhDwABAQADAgADcwADLwQ
2023-05-12,photo,AgACAgUAAx0EW5R6gAACgVhkXkn_3U7xLq1tj3CNK-H8-mUFpQAC47YxG-9c-VZU95nKyEEw6QEAAwIAA3MAAy8E
2023-05-15,photo,AgACAgUAAx0EW5R6gAACgVlkYeU-gite_-mj_qrYPcRNEjD50wACc7YxG2ESEFeIjXYLmLDyPAEAAwIAA3MAAy8E
2023-05-15,photo,AgACAgUAAx0EW5R6gAACgVpkYeVDs-8AAaXluwYcxmRW1KEcq8kAAnS2MRthEhBXmxmzjatyHNEBAAMCAANzAAMvBA
2023-05-15,photo,AgACAgUAAx0EW5R6gAACgVtkYeVJdS4qE6gce-DB0VpqzVf_WAACdbYxG2ESEFdNXd_jz5JWSwEAAwIAA3MAAy8E
2023-05-15,photo,AgACAgUAAx0EW5R6gAACgVxkYeVm2n-Alm6y4pam4q4tYRn9PwACdrYxG2ESEFeGKDR-rcdbHQEAAwIAA3MAAy8E
2023-05-15,video,BAACAgUAAx0EWJ5S2wAClpRkYeWSn6aMIJeAcQmKt7o_G0wd7AACLgsAAoSHEFcqo0CwwlN05y8E
2023-05-15,video,BAACAgUAAx0EWJ5S2wAClpVkYeW_IGHE04K6AzUDcApUeOF97AACLwsAAoSHEFeUyIbfCjguIy8E
2023-05-15,photo,AgACAgUAAx0EW5R6gAACgV1kYeb5TmfXNZdrS2UZLQpRMN1q9wACeLYxG2ESEFcX2jxtm_xgLgEAAwIAA3MAAy8E
2023-05-15,video,BAACAgUAAx0EWJ5S2wAClppkYecWaEb3MQ0Qz2WDsceR8FFhyQACNQsAAoSHEFdeGG6eZIuBmS8E
2023-05-15,video,BAACAgUAAx0EWJ5S2wAClptkYec3Sw3sywy4vdGrBypP-xDS6gACNwsAAoSHEFeZHWGSiRz9VC8E
2023-05-15,photo,AgACAgUAAx0EW5R6gAACgV5kYekp-75BwI2bpSRZ1iZJXHEp5gACfbYxG2ESEFfoDrDHaV3MtwEAAwIAA3MAAy8E
2023-05-15,photo,AgACAgUAAx0EW5R6gAACgV9kYekt3VgOUEc1sD-YCJjQrONytwACfrYxG2ESEFevn7E_oS9kLQEAAwIAA3MAAy8E
2023-05-15,video,BAACAgUAAx0EWJ5S2wAClp1kYelTdiGY-QO_CaYT7O3_h7y3bQACPAsAAoSHEFfdVcn6mabmii8E
2023-05-15,video,BAACAgUAAx0EWJ5S2wAClp5kYel9gguSkTDgow-re9vLc1rrkwACPQsAAoSHEFdpkZo9KGlPIy8E
2023-05-15,video,BAACAgUAAx0EWJ5S2wAClp9kYemvZIwGPoHJHUng8KGjQBd5CAACPgsAAoSHEFeFb-ttQOhLhC8E
2023-05-15,photo,AgACAgUAAx0EW5R6gAACgWBkYerw_izpax_LCKUzHpSfuFHD3wACgLYxG2ESEFdHIQIIV7TKvgEAAwIAA3MAAy8E
2023-05-15,video,BAACAgUAAx0EWJ5S2wAClqJkYes1bxlsEGsi-kuqFmV8qmETdQACSQsAAoSHEFcQwAziztXcAi8E
2023-05-15,photo,AgACAgUAAx0EW5R6gAACgWFkYevVaIW9OwcIayAtjEf5QHYgTgACgbYxG2ESEFfZ-eMXz4zT2AEAAwIAA3MAAy8E
2023-05-15,video,BAACAgUAAx0EWJ5S2wAClqRkYewCOGixCSluA6ZXmVgWOeyLYgACTQsAAoSHEFcE29fDGeWGfC8E
2023-05-15,video,BAACAgUAAx0EWJ5S2wAClqVkYexB7v2XFI2PnIdOEaq8I2Vr2AACVAsAAoSHEFc-6ZsjuwPxfy8E
2023-05-15,video,BAACAgUAAx0EWJ5S2wAClqZkYeyJFQ-qRU05N5JoqJFw0H4nSwACVwsAAoSHEFeLCLf_xQh6Fi8E
2023-05-15,photo,AgACAgUAAx0EW5R6gAACgWJkYe2VH8AkvXnFBNGMa9xt-wABYVQAAoW2MRthEhBXK58Q689A2bsBAAMCAANzAAMvBA
2023-05-15,photo,AgACAgUAAx0EW5R6gAACgWNkYe2cXID7e_V4j24WSVW82TuPQQAChrYxG2ESEFfGHyEmmWan2QEAAwIAA3MAAy8E
2023-05-15,photo,AgACAgUAAx0EW5R6gAACgWRkYe2kV0XPHOUKOl1Nix7suhPlpAACh7YxG2ESEFft5cicLRlWrwEAAwIAA3MAAy8E
2023-05-15,photo,AgACAgUAAx0EW5R6gAACgWVkYe2oXeHLTkyGu2YYchx3ojm6egACiLYxG2ESEFeH4joiDBSu0gEAAwIAA3MAAy8E
2023-05-15,video,BAACAgUAAx0EWJ5S2wAClqhkYe3pFnlXQkfoI8FQbI_Yoo0xaAACWQsAAoSHEFciTIyle7oUJS8E
2023-05-15,photo,AgACAgUAAx0EW5R6gAACgWZkYe-6HHOS9JaYeZbia8QGw6bSFAACwLUxG5Xu6VYfe_ilE82hKwEAAwIAA3MAAy8E
2023-05-15,photo,AgACAgUAAx0EW5R6gAACgWdkYe--B9NAvtPGtE6CAReL3P79ZwACjbYxG2ESEFeKR7C4M7tigQEAAwIAA3MAAy8E
2023-05-15,photo,AgACAgUAAx0EW5R6gAACgWhkYe_Cllyq2sIekLqfY6t1bEhpzAACjrYxG2ESEFd9QV9jOdQtDgEAAwIAA3MAAy8E
2023-05-15,photo,AgACAgUAAx0EW5R6gAACgWlkYe_GHW8LIKo-S5THq6Kq42AacwACj7YxG2ESEFfK3x_FjiHYMAEAAwIAA3MAAy8E
2023-05-15,video,BAACAgUAAx0EWJ5S2wAClq1kYfAgv8aIKLJw9X1vGac4P6OmywACZgsAAoSHEFdZYbZvZ5bpBS8E
2023-05-15,photo,AgACAgUAAx0EW5R6gAACgWpkYfD5YYlag_-YYwOcSbY2qvlJLQACkrYxG2ESEFcb6HG1AdziTAEAAwIAA3MAAy8E
2023-05-15,photo,AgACAgUAAx0EW5R6gAACgWtkYfD-YwKVB6mgdkl7QxG9sBpkAQACk7YxG2ESEFcQXwSSIWbhXgEAAwIAA3MAAy8E
2023-05-15,photo,AgACAgUAAx0EW5R6gAACgWxkYfEChZtvtgKgE8MGlHnIR8R0DAAClLYxG2ESEFcR18TMUiLoLAEAAwIAA3MAAy8E
2023-05-15,video,BAACAgUAAx0EWJ5S2wAClrJkYfEjY5ez1BluKFNVfuUR-a-7UQACaAsAAoSHEFdN_apwJmZEVy8E
2023-05-15,photo,AgACAgUAAx0EW5R6gAACgW1kYfG3rlC6WI7eaPhWrnJHZnIsHgAClbYxG2ESEFe2l2ib1ZtMggEAAwIAA3MAAy8E
2023-05-15,photo,AgACAgUAAx0EW5R6gAACgW5kYfG__XPvwS5sDQcbWkO0BpS7AwAClrYxG2ESEFdHDDtdtjy-ngEAAwIAA3MAAy8E
2023-05-15,photo,AgACAgUAAx0EW5R6gAACgW9kYfHER5gSJlg0A9S_mZ_9-n_ftwACl7YxG2ESEFdeHjFPgGOZuAEAAwIAA3MAAy8E
2023-05-15,photo,AgACAgUAAx0EW5R6gAACgXBkYfHNPgPoIzCgqIpYsZDMhy7PtAACmLYxG2ESEFdIZglsck8_sAEAAwIAA3MAAy8E
2023-05-15,video,BAACAgUAAx0EWJ5S2wAClrZkYfIg1Ya4tLWywEoFzthMPaDJPwACaQsAAoSHEFfERX_T30U83y8E
2023-05-15,video,BAACAgUAAx0EWJ5S2wAClrdkYfJvREo52VGtZ5WCp9PFDm2HVwACagsAAoSHEFf3bh6TnDd5Ey8E
2023-05-15,photo,AgACAgUAAx0EW5R6gAACgXFkYfOPm7ImcCk8PkGK2LoDkhoMmgACm7YxG2ESEFesWK1ZMq_-BQEAAwIAA3MAAy8E
2023-05-15,photo,AgACAgUAAx0EW5R6gAACgXJkYfOVNlRHOA6uacGR1yJ7-OoydAACnLYxG2ESEFeXBMcg2zjgVAEAAwIAA3MAAy8E
2023-05-15,video,BAACAgUAAx0EWJ5S2wAClrxkYfPXAa4FbTTOIh5202haiQldbQACbQsAAoSHEFewriV1nXayqC8E
2023-05-15,photo,AgACAgUAAx0EW5R6gAACgXNkYfU1oZVKy7hVu_MixTdF1SjJ8QACn7YxG2ESEFdAJGbaThRWuwEAAwIAA3MAAy8E
2023-05-15,video,BAACAgUAAx0EWJ5S2wAClr9kYfVdpg8JM-6WD1mf15HRTVAa3QACbgsAAoSHEFdd_3TGx4Iy7i8E
2023-05-15,photo,AgACAgUAAx0EW5R6gAACgXRkYfa0oMpA8HnbBOVxsy-_dwf0XQACobYxG2ESEFe2fxtYlRiUpgEAAwIAA3MAAy8E
2023-05-15,photo,AgACAgUAAx0EW5R6gAACgXVkYfa4mzp9kqvlw7I1lxvLd0BeAAOitjEbYRIQV83FORMuDRp9AQADAgADcwADLwQ
2023-05-15,photo,AgACAgUAAx0EW5R6gAACgXZkYfbFy-_gsJ-mmY_WCSOdUP3E_AACo7YxG2ESEFd5tQ1h9FOoGAEAAwIAA3MAAy8E
2023-05-15,photo,AgACAgUAAx0EW5R6gAACgXdkYfbNa96ad3BSuZ_KZ4EQTqpl-gACpLYxG2ESEFcGaLak3eNH6AEAAwIAA3MAAy8E
2023-05-15,video,BAACAgUAAx0EWJ5S2wAClsFkYfbh0UaH6NJg1D19n5wQLOkRhwACcwsAAoSHEFexJXSFyVynoy8E
2023-05-15,video,BAACAgUAAx0EWJ5S2wAClsJkYfb1JPdsG4sjfmd_3F7JvhtkFQACdAsAAoSHEFekul6qoPkW_y8E
2023-05-15,photo,AgACAgUAAx0EW5R6gAACgXhkYfhsYjbaGYa2SXCe84QKFHTLYgACqbYxG2ESEFel0ELkXJo7NAEAAwIAA3MAAy8E
2023-05-15,photo,AgACAgUAAx0EW5R6gAACgXlkYfhwejdqGRuf5Dgm8cIdGdeEvAAC6LUxG-9c-VZ5nGjgpzS0ywEAAwIAA3MAAy8E
2023-05-15,photo,AgACAgUAAx0EW5R6gAACgXpkYfiB9amWsT0h9sh_6EuNChfEWgACqrYxG2ESEFcJfzFWUsN4UgEAAwIAA3MAAy8E
2023-05-15,photo,AgACAgUAAx0EW5R6gAACgXtkYfiK-VIimqwM1Z1_iy12utx7rgACq7YxG2ESEFeHmGBoB8qf2AEAAwIAA3MAAy8E
2023-05-15,photo,AgACAgUAAx0EW5R6gAACgXxkYfnxXTpapIj-5GwXjbZKjxItLAACtLYxG2ESEFd1PYyNZ4fg_AEAAwIAA3MAAy8E
2023-05-15,photo,AgACAgUAAx0EW5R6gAACgX1kYfn1eWzQX4Rwh-3Bw9I4eUUavwACdLUxG5Xu6Vap3ualu4yGuwEAAwIAA3MAAy8E
2023-05-15,photo,AgACAgUAAx0EW5R6gAACgX5kYfr4bg0vjsRAecSpy1yK99qxCQACtrYxG2ESEFeCcLWqdSrPAwEAAwIAA3MAAy8E
2023-05-15,photo,AgACAgUAAx0EW5R6gAACgX9kYfr780UBERtJnkmaLUhG_M4iHgACt7YxG2ESEFcuyZ_4z01MxwEAAwIAA3MAAy8E
2023-05-15,photo,AgACAgUAAx0EW5R6gAACgYBkYfxw4APnpMrRcnPIMP9p86W6jwACuLYxG2ESEFdv2q9bI3LMJQEAAwIAA3MAAy8E
2023-05-15,photo,AgACAgUAAx0EW5R6gAACgYFkYfx5s-yWNKZkLA_WsNBSEWGmWAACubYxG2ESEFe8ysovHqze4gEAAwIAA3MAAy8E
2023-05-15,photo,AgACAgUAAx0EW5R6gAACgYJkYf5p53o_gEouG3PP4YPIcKzpVQACvrYxG2ESEFd0FqwuVMQLMAEAAwIAA3MAAy8E
2023-05-15,photo,AgACAgUAAx0EW5R6gAACgYNkYf5tX-SWxR9xcK0MzB_j3znv0gACv7YxG2ESEFc6_JEoGpJ_yAEAAwIAA3MAAy8E
2023-05-15,photo,AgACAgUAAx0EW5R6gAACgYRkYf5zplJiGuaDK_HbLylKpm-2pQACwLYxG2ESEFclzX20R_EP6QEAAwIAA3MAAy8E
2023-05-15,photo,AgACAgUAAx0EW5R6gAACgYVkYf553L2wZrsl03o4IKb4aLhGtwACwbYxG2ESEFeMsewazZalUwEAAwIAA3MAAy8E
2023-05-15,photo,AgACAgUAAx0EW5R6gAACgYZkYf59H90aS_EDceRGGW_FQekoTwACwrYxG2ESEFfqYbVWMIpckgEAAwIAA3MAAy8E
2023-05-15,photo,AgACAgUAAx0EW5R6gAACgYdkYf-3gAVCe9obW74O3L1-GOuACwACyLYxG2ESEFd7gpq060dFSwEAAwIAA3MAAy8E
